{
	"format_version": "1.10.0",
	"animations": {
		"animation.judo_plates.holding.first_person": {
			"loop": true,
			"animation_length": 4.32,
			"bones": {
				"bone": {
					"rotation": {
						"0.0": {
							"post": [65.99149, 65.53168, -71.50258],
							"lerp_mode": "catmullrom"
						},
						"2.16": {
							"post": [63.51966, 67.79352, -74.19406],
							"lerp_mode": "catmullrom"
						},
						"4.32": {
							"post": [65.99149, 65.53168, -71.50258],
							"lerp_mode": "catmullrom"
						}
					},
					"position": {
						"0.0": {
							"post": [-3.29135, 3.87323, 5.41387],
							"lerp_mode": "catmullrom"
						},
						"2.16": {
							"post": [-3.44077, 3.68488, 5.85228],
							"lerp_mode": "catmullrom"
						},
						"4.32": {
							"post": [-3.29135, 3.87323, 5.41387],
							"lerp_mode": "catmullrom"
						}
					},
					"scale": {
						"0.0": [1.2, 1.2, 1.2],
						"2.16": [1.2, 1.2, 1.2],
						"4.32": [1.2, 1.2, 1.2]
					}
				},
				"bone2": {
					"position": {
						"0.0": [0, 1.75, 0],
						"2.16": [0, 1.75, 0],
						"4.32": [0, 1.75, 0]
					},
					"scale": {
						"0.0": [1, 0.9, 1],
						"2.16": [1, 0.9, 1],
						"4.32": [1, 0.9, 1]
					}
				},
				"armpart": {
					"rotation": {
						"0.0": [-100, 0, 0],
						"2.16": [-100, 0, 0],
						"4.32": [-100, 0, 0]
					},
					"position": {
						"0.0": [4.72349, -22.99955, 10.98611],
						"2.16": [4.72349, -22.99955, 10.98611],
						"4.32": [4.72349, -22.99955, 10.98611]
					},
					"scale": {
						"0.0": [1.2, 1.2, 1.2],
						"2.16": [1.2, 1.2, 1.2],
						"4.32": [1.2, 1.2, 1.2]
					}
				},
				"rightArm": {
					"position": {
						"0.0": [0, 0, 0],
						"2.16": [0, 0, 0],
						"4.32": [0, 0, 0]
					}
				},
				"bone3": {
					"rotation": {
						"0.0": {
							"post": [101.78749, 16.68032, -165.01137],
							"lerp_mode": "catmullrom"
						},
						"2.16": {
							"post": [101.78749, 16.68032, -165.01137],
							"lerp_mode": "catmullrom"
						},
						"4.32": {
							"post": [101.78749, 16.68032, -165.01137],
							"lerp_mode": "catmullrom"
						}
					},
					"position": {
						"0.0": {
							"post": [1.06452, -5.50357, -4.58129],
							"lerp_mode": "catmullrom"
						},
						"2.16": {
							"post": [1.06452, -5.50357, -4.58129],
							"lerp_mode": "catmullrom"
						},
						"4.32": {
							"post": [1.06452, -5.50357, -4.58129],
							"lerp_mode": "catmullrom"
						}
					},
					"scale": {
						"0.0": [1.4, 1.4, 1.4],
						"2.16": [1.4, 1.4, 1.4],
						"4.32": [1.4, 1.4, 1.4]
					}
				},
				"bone4": {
					"rotation": {
						"0.0": {
							"post": [88.80244, 67.76297, -46.72127],
							"lerp_mode": "catmullrom"
						},
						"2.16": {
							"post": [88.91695, 65.26347, -46.59644],
							"lerp_mode": "catmullrom"
						},
						"4.32": {
							"post": [88.80244, 67.76297, -46.72127],
							"lerp_mode": "catmullrom"
						}
					},
					"position": {
						"0.0": {
							"post": [-1.29521, 12.56612, -6.13814],
							"lerp_mode": "catmullrom"
						},
						"2.16": {
							"post": [-1.07109, 12.84864, -6.79575],
							"lerp_mode": "catmullrom"
						},
						"4.32": {
							"post": [-1.29521, 12.56612, -6.13814],
							"lerp_mode": "catmullrom"
						}
					},
					"scale": {
						"0.0": [1.2, 1.2, 1.2],
						"2.16": [1.2, 1.2, 1.2],
						"4.32": [1.2, 1.2, 1.2]
					}
				},
				"bone5": {
					"position": {
						"0.0": [0, 1.75, 0],
						"2.16": [0, 1.75, 0],
						"4.32": [0, 1.75, 0]
					},
					"scale": {
						"0.0": [1, 0.9, 1],
						"2.16": [1, 0.9, 1],
						"4.32": [1, 0.9, 1]
					}
				},
				"bone6": {
					"rotation": {
						"0.0": {
							"post": [103.57352, -13.53124, -179.09573],
							"lerp_mode": "catmullrom"
						},
						"2.16": {
							"post": [103.57352, -13.53124, -179.09573],
							"lerp_mode": "catmullrom"
						},
						"4.32": {
							"post": [103.57352, -13.53124, -179.09573],
							"lerp_mode": "catmullrom"
						}
					},
					"position": {
						"0.0": {
							"post": [8.37254, -5.31328, -4.23613],
							"lerp_mode": "catmullrom"
						},
						"2.16": {
							"post": [8.37254, -5.31328, -4.23613],
							"lerp_mode": "catmullrom"
						},
						"4.32": {
							"post": [8.37254, -5.31328, -4.23613],
							"lerp_mode": "catmullrom"
						}
					},
					"scale": {
						"0.0": [1.4, 1.4, 1.4],
						"2.16": [1.4, 1.4, 1.4],
						"4.32": [1.4, 1.4, 1.4]
					}
				},
				"armpart2": {
					"rotation": {
						"0.0": [-100, 0, 0],
						"2.16": [-100, 0, 0],
						"4.32": [-100, 0, 0]
					},
					"position": {
						"0.0": [4.72349, -22.99955, 10.98611],
						"2.16": [4.72349, -22.99955, 10.98611],
						"4.32": [4.72349, -22.99955, 10.98611]
					},
					"scale": {
						"0.0": [1.2, 1.2, 1.2],
						"2.16": [1.2, 1.2, 1.2],
						"4.32": [1.2, 1.2, 1.2]
					}
				}
			}
		},
		"animation.judo_plates.holding.third_person": {
			"loop": true,
			"bones": {
				"bone": {
					"rotation": [85, 0, 0],
					"position": [-5, 10.66559, 1.05033],
					"scale": 1
				},
				"bone2": {
					"position": [0, 1.75, 0],
					"scale": [1, 0.9, 1]
				},
				"armpart": {
					"position": [0, -50000, 0]
				},
				"bone3": {
					"rotation": [0, -170, 0],
					"position": [2, -1.19621, -0.36275],
					"scale": 0.8
				},
				"rightArm": {
					"rotation": [0, 0, 0]
				},
				"bone4": {
					"rotation": [85.56255, -2.30644, -27.41063],
					"position": [13, 10.66559, 1.05033],
					"scale": 1
				},
				"bone5": {
					"position": [0, 1.75, 0],
					"scale": [1, 0.9, 1]
				},
				"bone6": {
					"rotation": [0, -170, 0],
					"position": [2, -50000, -0.36275],
					"scale": 0.8
				},
				"armpart2": {
					"position": [0, -50000, 0]
				}
			}
		}
	}
}