{
	"format_version": "1.8.0",
	"animations": {
		"animation.judokai.fall": {
			"loop": true,
			"animation_length": 3.5,
			"bones": {
				"body": {
					"rotation": [-90, 0, 0],
					"position": [0, -11, 0]
				},
				"head": {
					"rotation": {
						"0.0": [0, 0, 0],
						"1.0417": [-20, 0, 0],
						"2.0": [25, 0, 0],
						"3.0": [-10, 0, 0],
						"3.5": [0, 0, 0]
					},
					"position": {
						"0.0": [0, 0, 0],
						"3.5": [0, 0, 0]
					}
				},
				"rightarm": {
					"rotation": {
						"0.0": [-70, 0, 35],
						"0.5": [12.5, 0, 35],
						"1.0417": [-70, 0, 35],
						"1.5417": [12.5, 0, 35],
						"2.0": [-70, 0, 35],
						"2.5": [12.5, 0, 35],
						"3.0": [-70, 0, 35],
						"3.5": [12.5, 0, 35]
					}
				},
				"leftarm": {
					"rotation": {
						"0.0": [32.5, 0, -52.5],
						"0.5": [-12.5, 0, -52.5],
						"1.0417": [32.5, 0, -52.5],
						"1.5417": [-12.5, 0, -52.5],
						"2.0": [32.5, 0, -52.5],
						"2.5": [-12.5, 0, -52.5],
						"3.0": [32.5, 0, -52.5],
						"3.5": [-12.5, 0, -52.5]
					}
				},
				"rightleg": {
					"rotation": {
						"0.0": [20, 0, 20],
						"0.5": [-25, 0, 20],
						"1.0417": [20, 0, 20],
						"1.5417": [-25, 0, 20],
						"2.0": [20, 0, 20],
						"2.5": [-25, 0, 20],
						"3.0": [20, 0, 20],
						"3.5": [-25, 0, 20]
					}
				},
				"leftleg": {
					"rotation": {
						"0.0": [-1.91757, 4.61854, -35.07734],
						"0.5": [27.5, 0, -12.5],
						"1.0417": [-1.91757, 4.61854, -35.07734],
						"1.5417": [27.5, 0, -12.5],
						"2.0": [-1.91757, 4.61854, -35.07734],
						"2.5": [27.5, 0, -12.5],
						"3.0": [-1.91757, 4.61854, -35.07734],
						"3.5": [27.5, 0, -12.5]
					}
				}
			}
		},
		"animation.judokai.prefall": {
			"animation_length": 4.625,
			"bones": {
				"head": {
					"rotation": {
						"0.0": [0, 0, 0],
						"0.25": [0, 0, 0],
						"0.5833": [-30, 0, 0],
						"1.0417": [-30, 0, 0],
						"1.2917": [0, 0, 0],
						"2.25": [52.5, 0, 0],
						"2.75": [52.5, 0, 0],
						"3.2083": [11.80036, 37.59606, 12.66766]
					},
					"position": {
						"0.0": [0, 0, 0],
						"0.25": [0, 0, 0]
					}
				},
				"rightarm": {
					"rotation": {
						"0.0": [0, 0, 0],
						"0.5": [-107.5, 0, 0],
						"0.75": [-108.29388, 16.66577, -5.41615],
						"0.9167": [-107.5, 0, 0],
						"1.125": [0, 0, 0],
						"3.5417": [0, 0, 0],
						"3.9583": [22.5, -5, 142.5]
					}
				},
				"leftarm": {
					"rotation": {
						"3.5417": [0, 0, 0],
						"3.9583": [-12.5, 0, -140]
					}
				}
			}
		}
	}
}