{
	"format_version": "1.10.0",
	"animations": {
		"animation.select.holding.first_person": {
			"loop": true,
			"animation_length": 4.32,
			"bones": {
				"bone": {
					"rotation": {
						"0.0": {
							"post": [65.99149, 65.53168, -71.50258],
							"lerp_mode": "catmullrom"
						},
						"2.16": {
							"post": [63.51966, 67.79352, -74.19406],
							"lerp_mode": "catmullrom"
						},
						"4.32": {
							"post": [65.99149, 65.53168, -71.50258],
							"lerp_mode": "catmullrom"
						}
					},
					"position": {
						"0.0": {
							"post": [-3.29135, 3.87323, 5.41387],
							"lerp_mode": "catmullrom"
						},
						"2.16": {
							"post": [-3.44077, 3.68488, 5.85228],
							"lerp_mode": "catmullrom"
						},
						"4.32": {
							"post": [-3.29135, 3.87323, 5.41387],
							"lerp_mode": "catmullrom"
						}
					},
					"scale": {
						"0.0": [1.2, 1.2, 1.2],
						"2.16": [1.2, 1.2, 1.2],
						"4.32": [1.2, 1.2, 1.2]
					}
				},
				"bone2": {
					"position": {
						"0.0": [0, 1.75, 0],
						"2.16": [0, 1.75, 0],
						"4.32": [0, 1.75, 0]
					},
					"scale": {
						"0.0": [1, 0.9, 1],
						"2.16": [1, 0.9, 1],
						"4.32": [1, 0.9, 1]
					}
				},
				"armpart": {
					"rotation": {
						"0.0": [-100, 0, 0],
						"2.16": [-100, 0, 0],
						"4.32": [-100, 0, 0]
					},
					"position": {
						"0.0": [4.72349, -22.99955, 10.98611],
						"2.16": [4.72349, -22.99955, 10.98611],
						"4.32": [4.72349, -22.99955, 10.98611]
					},
					"scale": {
						"0.0": [1.2, 1.2, 1.2],
						"2.16": [1.2, 1.2, 1.2],
						"4.32": [1.2, 1.2, 1.2]
					}
				},
				"rightArm": {
					"position": {
						"0.0": [0, 0, 0],
						"2.16": [0, 0, 0],
						"4.32": [0, 0, 0]
					}
				},
				"bone3": {
					"rotation": {
						"0.0": {
							"post": [177.73261, -27.39399, -174.37463],
							"lerp_mode": "catmullrom"
						},
						"2.16": {
							"post": [177.73261, -27.39399, -174.37463],
							"lerp_mode": "catmullrom"
						},
						"4.32": {
							"post": [177.73261, -27.39399, -174.37463],
							"lerp_mode": "catmullrom"
						}
					},
					"position": [5.7, 2, -4.2],
					"scale": 1.6
				}
			}
		},
		"animation.select.holding.third_person": {
			"loop": true,
			"bones": {
				"bone": {
					"rotation": [85, 0, 0],
					"position": [-5, 10.66559, 1.05033],
					"scale": 1
				},
				"bone2": {
					"position": [0, 1.75, 0],
					"scale": [1, 0.9, 1]
				},
				"armpart": {
					"position": [0, -50000, 0]
				},
				"bone3": {
					"rotation": [0, -170, 0],
					"position": [2, -1.19621, -0.36275],
					"scale": 0.8
				},
				"rightArm": {
					"rotation": [0, 0, 0]
				}
			}
		},
		"animation.select.use.first_person": {
			"loop": true,
			"animation_length": 1.92,
			"bones": {
				"bone": {
					"rotation": {
						"0.0": [65.99149, 65.53168, -71.50258],
						"0.08": {
							"pre": [30.82006, 74.34847, -98.16264],
							"post": [30.82006, 74.34847, -98.16264],
							"lerp_mode": "catmullrom"
						},
						"0.2": {
							"post": [30.82006, 74.34847, -98.16264],
							"lerp_mode": "catmullrom"
						},
						"0.4": {
							"post": [80.54908, 66.05773, -65.53757],
							"lerp_mode": "catmullrom"
						},
						"0.84": {
							"post": [80.54908, 66.05773, -65.53757],
							"lerp_mode": "catmullrom"
						},
						"1.0": {
							"post": [76.11835, 56.10698, -63.62724],
							"lerp_mode": "catmullrom"
						},
						"1.28": {
							"post": [96.25538, 31.22347, -65.48833],
							"lerp_mode": "catmullrom"
						},
						"1.68": {
							"post": [96.25538, 31.22347, -65.48833],
							"lerp_mode": "catmullrom"
						},
						"1.76": {
							"post": [87.29, 41.39, -67.27],
							"lerp_mode": "catmullrom"
						},
						"1.92": [65.99149, 65.53168, -71.50258]
					},
					"position": {
						"0.0": [-3.29135, 3.87323, 5.41387],
						"0.08": {
							"pre": [-5.98882, 4.07125, 4.5779],
							"post": [-5.98882, 4.07125, 4.5779],
							"lerp_mode": "catmullrom"
						},
						"0.2": {
							"post": [-5.98882, 4.07125, 4.5779],
							"lerp_mode": "catmullrom"
						},
						"0.4": {
							"post": [1.7443, 4.43101, 2.80206],
							"lerp_mode": "catmullrom"
						},
						"0.84": {
							"post": [1.7443, 4.43101, 2.80206],
							"lerp_mode": "catmullrom"
						},
						"1.0": {
							"post": [-1.55, 4.07, 4.51],
							"lerp_mode": "catmullrom"
						},
						"1.28": {
							"post": [2.82361, 11.8955, 13.92451],
							"lerp_mode": "catmullrom"
						},
						"1.68": {
							"post": [2.82361, 11.8955, 13.92451],
							"lerp_mode": "catmullrom"
						},
						"1.76": {
							"post": [1.01, 9.52, 11.4],
							"lerp_mode": "catmullrom"
						},
						"1.92": [-3.29135, 3.87323, 5.41387]
					},
					"scale": {
						"0.0": [1.2, 1.2, 1.2],
						"1.0": [1.2, 1.2, 1.2],
						"1.92": [1.2, 1.2, 1.2]
					}
				},
				"bone2": {
					"position": {
						"0.0": [0, 1.75, 0],
						"1.92": [0, 1.75, 0]
					},
					"scale": {
						"0.0": [1, 0.9, 1],
						"1.92": [1, 0.9, 1]
					}
				},
				"armpart": {
					"rotation": {
						"0.0": [-100, 0, 0],
						"0.2": [-100, 0, 0],
						"0.4": [-99.07947, 4.20854, 24.66569],
						"0.52": [-99.07947, 4.20854, 24.66569],
						"1.68": [-99.08, 4.21, 24.67],
						"1.92": [-100, 0, 0]
					},
					"position": {
						"0.0": [4.72349, -22.99955, 10.98611],
						"0.2": [4.72, -23, 10.99],
						"0.4": [4.72, -23, 10.99],
						"0.52": [4.72, -23, 10.99],
						"1.68": [4.72, -23, 10.99],
						"1.92": [4.72349, -22.99955, 10.98611]
					},
					"scale": {
						"0.0": [1.2, 1.2, 1.2],
						"1.92": [1.2, 1.2, 1.2]
					}
				},
				"rightArm": {
					"position": {
						"0.0": [0, 0, 0],
						"1.92": [0, 0, 0]
					}
				},
				"bone3": {
					"rotation": {
						"0.0": [177.73261, -27.39399, -174.37463],
						"0.08": {
							"pre": [177.73, -27.39, -174.37],
							"post": [177.73, -27.39, -174.37],
							"lerp_mode": "catmullrom"
						},
						"0.2": {
							"post": [177.73, -27.39, -174.37],
							"lerp_mode": "catmullrom"
						},
						"0.4": {
							"post": [123.9681, -22.38796, -163.96944],
							"lerp_mode": "catmullrom"
						},
						"0.56": {
							"post": [123.9681, -22.38796, -163.96944],
							"lerp_mode": "catmullrom"
						},
						"0.8": {
							"post": [123.68, -22.36, -163.91],
							"lerp_mode": "catmullrom"
						},
						"1.68": [177.73261, -27.39399, -174.37463],
						"1.76": {
							"pre": [139.9, -23.87, -167.05],
							"post": [139.9, -23.87, -167.05],
							"lerp_mode": "catmullrom"
						},
						"1.92": [177.73261, -27.39399, -174.37463]
					},
					"position": {
						"0.0": [6.06452, 0.49643, -1.58129],
						"0.08": [6.06452, 0.49643, -1.58129],
						"0.2": [6.06452, 0.49643, -1.58129],
						"0.4": {
							"pre": [2.3577, -4.45052, -14.51598],
							"post": [2.3577, -4.45052, -14.51598],
							"lerp_mode": "catmullrom"
						},
						"0.8": {
							"post": [2.28, -13.55, -149.23],
							"lerp_mode": "catmullrom"
						},
						"1.0": {
							"post": [2.28, -13.55, -149.23],
							"lerp_mode": "catmullrom"
						},
						"1.4": {
							"post": [2.28, -13.55, -149.23],
							"lerp_mode": "catmullrom"
						},
						"1.68": [6.06452, 0.49643, -1.58129]
					},
					"scale": {
						"0.0": [1.4, 1.4, 1.4],
						"0.4": [1.4, 1.4, 1.4],
						"0.68": [1.4, 1.4, 1.4],
						"0.8": [0, 0, 0],
						"1.4": [0, 0, 0],
						"1.68": [1.4, 1.4, 1.4]
					}
				}
			},
			"particle_effects": {
				"0.01": {
					"effect": "minecraft:crop_growth_emitter",
					"locator": "select"
				}
			}
		},
		"animation.select.use.third_person": {
			"loop": true,
			"animation_length": 1.44,
			"bones": {
				"rightArm": {
					"rotation": {
						"0.0": [0, 0, 0],
						"0.04": [0, 0, 0],
						"0.24": {
							"pre": [-79.82381, 16.64432, -6.85549],
							"post": [-79.82381, 16.64432, -6.85549],
							"lerp_mode": "catmullrom"
						},
						"0.4": {
							"post": [-79.82381, 16.64432, -6.85549],